<?xml version="1.0"?>
<!--
  This file contains some false positive bugs detected by findbugs. Their
  false positive nature has been analyzed individually and they have been
  put here to instruct findbugs it must ignore them.
-->
<FindBugsFilter>

  <!-- the following serialization classes already takes care of non-serializable parts. -->
  <Match>
    <Or>
      <Class name="~.*\.DSSTPropagator\$MeanPlusShortPeriodicMapper\$DataTransferObject$" />
      <Class name="~.*\.IntegratedEphemeris\$DataTransferObject$" />
    </Or>
    <Bug pattern="SE_BAD_FIELD" />
  </Match>

  <!-- the following classes are serialized using writeReplace/readResolve with proxy classes,
       so the is no real problem about the base class not having a proper constructor.
       This is tested in the IntegratedEphemerisTest for the ephemeris and both propagators. -->
  <Match>
    <Or>
      <Class name="~.*\.IntegratedEphemeris$" />
      <Class name="~.*\.DSSTPropagator\$MeanPlusShortPeriodicMapper$" />
      <Class name="~.*\.NumericalPropagator\$OsculatingMapper$" />
    </Or>
    <Bug pattern="SE_NO_SUITABLE_CONSTRUCTOR" />
  </Match>
  <Match>
    <Class name="~.*\.DSSTPropagator\$MeanPlusShortPeriodicMapper$" />
    <Bug pattern="SE_TRANSIENT_FIELD_NOT_RESTORED" />
  </Match>

  <!-- The following is an intentional behaviour, to be removed when class is suppressed -->
  <Match>
    <Class name="~.*\.SpacecraftFrame\$LocalProvider$"/>
    <Bug pattern="SE_NO_SUITABLE_CONSTRUCTOR_FOR_EXTERNALIZATION" />
  </Match>

  <!-- the following are in fact false positives from findbugs -->
  <!-- their occurrence depends on the java compiler used      -->
  <Match>
    <Class name="~.*\.EcksteinHechlerPropagator$"/>
    <Method name="computeMeanParameters" />
    <Or>
      <Local name="epsilon" />
      <Local name="thresholdAngles" />
    </Or>
    <Bug pattern="DLS_DEAD_LOCAL_STORE" />
  </Match>
  <Match>
    <Class name="~.*\.DTM2000$"/>
    <Method name="computation" />
    <Or>
      <Local name="zlb" />
      <Local name="zlbre" />
    </Or>
    <Bug pattern="DLS_DEAD_LOCAL_STORE" />
  </Match>
  <Match>
    <Class name="~.*\.SDP4$"/>
    <Method name="thetaG" />
    <Or>
      <Local name="omega_E" />
      <Local name="seconds_per_day" />
      <Local name="jd_2000" />
    </Or>
    <Bug pattern="DLS_DEAD_LOCAL_STORE" />
  </Match>
  <Match>
    <Class name="~.*\.TLEPropagator$"/>
    <Method name="computePVCoordinates" />
    <Or>
      <Local name="newtonRaphsonEpsilon" />
      <Local name="cv" />
    </Or>
    <Bug pattern="DLS_DEAD_LOCAL_STORE" />
  </Match>
  <Match>
    <Class name="~.*\.JPLEphemeridesLoader$"/>
    <Method name="tooFarRange" />
    <Local name="fiftyDays" />
    <Bug pattern="DLS_DEAD_LOCAL_STORE" />
  </Match>
  <Match>
    <Class name="~.*\.JB2006$"/>
    <Method name="getDensity" />
    <Local name="FACT1" />
    <Bug pattern="DLS_DEAD_LOCAL_STORE" />
  </Match>
  <Match>
    <Class name="~.*\.JB2006$"/>
    <Method name="dTc" />
    <Local name="HP" />
    <Bug pattern="DLS_DEAD_LOCAL_STORE" />
  </Match>
  
  <!-- The following is a false positive from findbugs -->
  <Match>
    <Class name="~.*\.IntegratedEphemeris\$LocalProvider$"/>
    <Method name="getAdditionalState" />
    <Bug pattern="BC_VACUOUS_INSTANCEOF" />
  </Match>

  <!-- The following equality tests are intentional and needed for semantic purposes -->
  <Match>
    <Class name="org.orekit.time.TimeComponents" />
    <Method name="equals" params="java.lang.Object" returns="boolean" />
    <Bug pattern="FE_FLOATING_POINT_EQUALITY" />
  </Match>
  <Match>
    <Class name="org.orekit.orbits.KeplerianOrbit"/>
    <Method name ="eMeSinE" params="double" returns="double" />
    <Bug pattern="FE_FLOATING_POINT_EQUALITY" />
  </Match>

  <!-- The following internal representation exposure are intentional,
       They are used to pass data back and forth between classes
    -->
  <Match>
    <Class name="org.orekit.propagation.integration.AdditionalStateData"/>
    <Method name ="getAdditionalState" params="" returns="double[]" />
    <Bug pattern="EI_EXPOSE_REP" />
  </Match>
  <Match>
    <Class name="org.orekit.propagation.integration.AdditionalStateData"/>
    <Method name ="getAdditionalStateDot" params="" returns="double[]" />
    <Bug pattern="EI_EXPOSE_REP" />
  </Match>
  <Match>
    <Class name="org.orekit.forces.gravity.HolmesFeatherstoneAttractionModel$GradientHessian"/>
    <Or>  
      <Method name="getGradient" params="" returns="double[]" />
      <Method name="getHessian" params="" returns="double[][]" />
      </Or>
    <Bug pattern="EI_EXPOSE_REP" />
  </Match>
  <Match>
    <Class name="org.orekit.forces.gravity.HolmesFeatherstoneAttractionModel$GradientHessian"/>
    <Method name="&lt;init>"  params="double[],double[][]" returns="void" />
    <Bug pattern="EI_EXPOSE_REP2" />
  </Match>
  
  <!-- the following is an intended switch fall-through in the SP3Parser -->
  <Match>
    <Class name="~.*\.SP3Parser$"/>
    <Method name="parseHeaderLine" />
    <Bug pattern="SF_SWITCH_FALLTHROUGH" />
  </Match>

</FindBugsFilter>
